first_name,last_name,email,job_title,phone_number
Jo,Rivers,fergusonkatherine@example.net,Dancer,+1-950-759-8687
Sheryl,Lowery,fhoward@example.org,Copy,(599)782-0605
Whitney,Hooper,zjohnston@example.com,Counselling psychologist,+1-939-130-6258
Sherry,Caldwell,kaitlin13@example.net,Higher education lecturer,8537800927
Doris,Andersen,alicia33@example.org,Air broker,4709522945
Casey,Ayala,ncantu@example.com,"Scientist, water quality",8629884096
Courtney,Jenkins,estesana@example.org,Accounting technician,(973)243-9193
Ernest,Oconnell,lanedarius@example.com,Printmaker,+1-024-909-1783
Roger,Sweeney,leblancjohnathan@example.org,Race relations officer,+1-927-383-6844
Catherine,Nash,nelsonlori@example.org,"Production assistant, radio",(322)679-7824
Marco,Reyes,ramosjonathon@example.org,"Psychologist, sport and exercise",(977)846-8023
Bryan,Vaughn,fhughes@example.org,Sports therapist,5642635347
Stefanie,Sherman,rickeykelley@example.com,Hospital doctor,557-620-5663
Vincent,Berger,shannonrandy@example.org,"Psychologist, educational",+1-262-558-4739
Erik,Rosales,alejandro41@example.net,Prison officer,(412)388-9715
Shelby,Cole,kaneaudrey@example.org,"Therapist, nutritional",663-280-5834
Steve,Donovan,rebekahsantos@example.net,Paediatric nurse,0258287997
Shane,Reyes,jacquelinephelps@example.org,Art therapist,246-500-3955
Melinda,Haas,wernermatthew@example.org,Musician,3448565378
Darrell,Fuller,shannonmahoney@example.org,"Engineer, petroleum",0173701718
Alexandria,Mcguire,zalvarado@example.org,Building surveyor,0861113397
Alice,Harding,hickmanapril@example.org,"Administrator, arts",(192)564-7672
Vickie,Mccoy,costacameron@example.net,Neurosurgeon,9183232835
Meghan,Humphrey,parrishbenjamin@example.net,"Research officer, trade union",890-134-1311
Isaiah,Olson,franciscoshah@example.net,Chief Financial Officer,406-298-3045
Curtis,Haney,ofletcher@example.com,Health and safety adviser,+1-419-424-3949
Devon,Henry,brandy99@example.net,"Civil engineer, contracting",(839)224-3577
Jordan,Long,scottspence@example.com,Publishing rights manager,+1-275-728-6459
Bethany,Davila,ashley45@example.net,"Surveyor, commercial/residential",(021)896-7173
Ariel,Blankenship,baileyblake@example.net,Actuary,0412659505
Stephanie,Donovan,mandyvillarreal@example.com,Medical sales representative,5419583323
Doris,Holmes,nguyentonya@example.net,"Engineer, materials",7631450835
Joe,Acevedo,lori87@example.net,Immigration officer,1289379504
Tony,Melendez,riveralaura@example.net,Environmental health practitioner,+1-618-303-1920
Lydia,Vargas,carly49@example.com,"Accountant, chartered",(656)329-5478
Laura,Bishop,stoutjennifer@example.org,Legal executive,3696493045
Vernon,Terry,haysmario@example.net,"Nurse, adult",343-058-6684
Taylor,Paul,hector24@example.net,Games developer,+1-586-452-9418
Dave,Myers,beanfrederick@example.com,"Therapist, nutritional",064-606-7086
Timothy,Weeks,smiranda@example.net,"Engineer, technical sales",5528746828
Erica,Atkins,bradycain@example.org,"Psychologist, clinical",743-835-6511
Dana,Higgins,pnielsen@example.org,Garment/textile technologist,001-414-299-1667
Neil,Sawyer,angiecosta@example.com,Geophysical data processor,+1-369-936-8657
Julia,Acosta,saradoyle@example.net,Nutritional therapist,907-736-0570
Roger,Beasley,oochoa@example.com,Armed forces logistics/support/administrative officer,8399917932
Tim,Ponce,sblair@example.net,Museum/gallery conservator,001-183-061-5706
Manuel,Castro,michellefranco@example.org,Herbalist,+1-994-294-8696
Nathan,Glenn,bentontroy@example.com,Stage manager,+1-674-087-8009
Christopher,Braun,graytami@example.org,"Engineer, petroleum",+1-656-507-5397
Anthony,Briggs,marciamullins@example.org,"Biochemist, clinical",001-299-317-0247
Robyn,Paul,seanmcguire@example.org,Commercial/residential surveyor,+1-014-008-0876
Miguel,Leblanc,whitney63@example.org,General practice doctor,006-051-5517
Christopher,Nixon,blackwellpaige@example.com,Food technologist,(478)900-4374
Phyllis,Sanchez,ramseymaria@example.com,Translator,1196895633
Maurice,Hodge,micheal55@example.org,Garment/textile technologist,179-217-2547
Daryl,Koch,ehicks@example.net,Private music teacher,121-608-9421
Ernest,Camacho,jennaconway@example.net,Quantity surveyor,1526791903
Haley,Hays,iortega@example.org,Secretary/administrator,001-668-870-9328
Daryl,Newman,imccann@example.org,Copy,001-445-245-4728
Tristan,Morton,terrance57@example.com,Advertising art director,1053648903
Tami,Compton,wmacdonald@example.org,"Nurse, mental health",(631)637-3650
Sherri,Williams,smithjasmine@example.com,"Engineer, broadcasting (operations)",025-325-6554
Janice,Daugherty,ireese@example.net,Fast food restaurant manager,+1-738-435-1686
Melody,Clements,christiandarryl@example.org,Public house manager,001-253-274-0802
Terrance,Rowe,schroederduane@example.org,Medical secretary,001-893-212-6379
Eugene,Richmond,xmontgomery@example.com,"Teacher, special educational needs",+1-313-656-7482
Logan,Obrien,theresa29@example.com,"Engineer, communications",(153)089-2350
Cheryl,Friedman,mdavies@example.net,Illustrator,+1-449-563-8394
Jennifer,Kane,mallorycantu@example.net,Insurance claims handler,(255)274-8465
Danielle,Howard,rodney01@example.net,Set designer,232-108-8414
Annette,Santos,jadethompson@example.com,Social worker,068-947-7736
Bruce,Pineda,ericksonbob@example.org,Horticultural therapist,001-553-768-2080
Geoffrey,Lawrence,mcross@example.net,"Pharmacist, hospital",001-339-180-2004
Charlene,Schwartz,jonathoncarroll@example.net,Dispensing optician,(654)360-0206
Pamela,Hayden,hherring@example.com,"Editor, commissioning",(222)266-2752
Sharon,Torres,gary51@example.org,Oceanographer,0075514069
Bridget,Griffith,jeremyosborne@example.com,Historic buildings inspector/conservation officer,001-605-811-2204
Curtis,Flores,hunter00@example.com,Clothing/textile technologist,9626840627
Peter,Bruce,max86@example.org,Production engineer,903-121-7928
Jonathon,Huynh,logan73@example.com,"Research officer, political party",+1-656-888-8819
Stacie,Barnett,latasha47@example.com,Politician's assistant,7153164628
Jacqueline,Harper,henry51@example.net,Insurance underwriter,1301630752
Kara,Bruce,marcowen@example.org,Chemical engineer,447-321-4820
Caroline,Lindsey,hesscole@example.net,Insurance broker,(513)800-9631
Norman,Zhang,dickersonjoanna@example.net,"Restaurant manager, fast food",1032763274
Ernest,Wong,hornmackenzie@example.net,Technical author,(943)444-8724
Kristina,Krueger,fstuart@example.org,Medical laboratory scientific officer,3866458129
Shaun,Nixon,gilbertgrant@example.com,Commercial/residential surveyor,(818)062-7676
Krista,Booker,karina40@example.com,Adult guidance worker,605-274-3835
Isaiah,Hood,ian42@example.com,"Scientist, audiological",(091)991-5163
Dawn,Francis,vharmon@example.org,Civil Service fast streamer,6567039189
Clayton,Anderson,doylevictor@example.com,Graphic designer,7030930740
Yvette,Webster,sonya26@example.com,Clothing/textile technologist,795-860-8920
Cheryl,Tucker,caseyanita@example.net,Fisheries officer,1749251229
Beverly,Clarke,smolina@example.com,Higher education lecturer,1659563807
Ralph,Richards,alexa92@example.com,Contractor,3328594631
Stefanie,Castillo,holdenanne@example.com,Ship broker,+1-842-718-8551
Benjamin,Ramsey,hbeltran@example.com,Land/geomatics surveyor,(873)889-9471
Pamela,Dean,randyhogan@example.org,Product manager,6119355874
Tricia,Chandler,katrinamacias@example.net,Primary school teacher,(288)206-2798
Gary,Blackwell,royjay@example.org,Facilities manager,(786)106-0223
Mary,Donaldson,collinlara@example.net,Psychotherapist,(223)537-4201
Tristan,Aguirre,kcarroll@example.org,Paramedic,2526790147
Megan,Owen,cpeck@example.net,Corporate investment banker,386-935-3146
Steven,Decker,tgibson@example.net,Analytical chemist,697-507-8931
Mario,Pennington,peggy95@example.org,Writer,193-186-9967
Frederick,Villegas,pamlozano@example.net,"Programme researcher, broadcasting/film/video",416-187-9026
Angel,Vance,slarson@example.com,Media buyer,649-364-1585
Tasha,Stout,russojeremy@example.org,Tax adviser,(483)808-6506
Emily,Good,lincindy@example.com,Quantity surveyor,4340260358
Jay,Perkins,monroeclayton@example.net,"Education officer, environmental",715-832-8924
Candace,Case,michael90@example.org,Operations geologist,9243744843
Hunter,Blair,vcabrera@example.com,Mental health nurse,463-565-9012
Phillip,Barnes,ferrellamanda@example.org,Architect,203-841-2499
Ariana,Hickman,morganwendy@example.net,Podiatrist,(278)093-3663
Aimee,Bridges,jbautista@example.com,"Nurse, children's",7342847803
Kari,Brewer,michaelgallegos@example.net,"Solicitor, Scotland",7019789360
Kerri,Simpson,sparksrodney@example.net,Learning mentor,5341896335
Darryl,Barton,danielskim@example.com,Prison officer,0309854071
Stacie,Archer,paynescott@example.net,Cartographer,995-193-0690
Robert,Avila,judithpotts@example.com,Forensic psychologist,417-175-6316
Lance,Blankenship,chelsea50@example.com,"Nurse, mental health",(793)311-5008
Alvin,Smith,johnathanshields@example.org,Immunologist,0080095682
Kathryn,Bernard,sarah48@example.com,"Conservation officer, nature",+1-564-314-1216
Jamie,Jimenez,reevesphilip@example.net,Social worker,193-705-1010
Francisco,Hutchinson,kayla48@example.net,Paediatric nurse,6556708415
Kaylee,Dixon,brendanstewart@example.net,"Scientist, research (physical sciences)",(127)899-0101
Ariel,Prince,bhardin@example.org,Product/process development scientist,001-429-361-9801
Erika,Cruz,cjimenez@example.com,Furniture designer,+1-007-694-5726
Cameron,Gray,vicki49@example.org,Animal technologist,(997)042-7826
Jeff,Olsen,shepherdallen@example.net,Legal executive,211-241-9990
Gina,Leon,joywhite@example.com,"Engineer, manufacturing systems",(447)170-2766
Susan,Fritz,shane47@example.org,"Scientist, biomedical",4942716417
Tommy,Combs,figueroaalice@example.net,Chiropractor,204-364-8124
Julian,Sherman,zsantana@example.com,Radio producer,907-675-0674
Leonard,Parsons,christinaconner@example.com,Seismic interpreter,+1-322-128-5896
Angel,Stokes,zdavies@example.net,Social worker,126-419-8333
Whitney,Vargas,kirkoliver@example.com,Geochemist,001-729-772-8427
Natalie,Grimes,preston37@example.net,Patent examiner,(681)509-1787
Kyle,Bartlett,priscilla10@example.net,"Psychologist, sport and exercise",7361854341
Summer,Escobar,kelseyholden@example.com,Dealer,221-605-4196
Marisa,Vance,qmontgomery@example.net,Fitness centre manager,+1-395-726-1649
Holly,Manning,vmckinney@example.net,"Radiographer, therapeutic",8792929924
Maria,Downs,christopher66@example.com,"Surveyor, quantity",(683)156-5726
Joy,Mercer,tricia97@example.org,Barrister's clerk,7886901348
Grace,Bolton,efrey@example.net,Energy engineer,+1-665-399-5184
Brendan,Gilbert,isaiahlewis@example.com,"Production assistant, television",(269)248-5703
Darin,Wu,osilva@example.net,"Surveyor, planning and development",001-357-295-5098
Jocelyn,Hodge,lvazquez@example.com,Sport and exercise psychologist,179-136-1668
Susan,Joseph,carrollpaula@example.org,"Engineer, agricultural",373-024-3426
Whitney,Burke,carlrosales@example.com,Media buyer,2979077002
Sydney,Leonard,jason39@example.org,Counselling psychologist,001-254-370-5353
Diane,Patel,marco98@example.org,Media buyer,+1-114-251-7848
Clayton,Hale,mitchell97@example.net,Research scientist (maths),432-914-6682
Haley,Gay,davilaallen@example.org,"Surveyor, planning and development",129-167-7289
Cassie,Knapp,lyonssylvia@example.com,Trading standards officer,773-022-2720
Nathaniel,Shaffer,marcusmadden@example.org,Jewellery designer,4019101915
Tracey,George,dorothyhaas@example.org,"Accountant, chartered public finance",345-071-0901
Curtis,Bolton,sherry25@example.com,Astronomer,+1-210-167-7678
Carmen,Stevenson,perryhubbard@example.org,Occupational psychologist,1215885174
Ross,Carrillo,bknapp@example.net,"Teacher, primary school",+1-317-135-1701
Johnny,Phillips,francis02@example.org,Maintenance engineer,1037883254
Seth,Bullock,joann83@example.org,Publishing copy,027-061-5404
Logan,Henry,markbenitez@example.com,Counsellor,001-089-880-7839
Sheryl,Yoder,zacharybean@example.com,"Engineer, civil (contracting)",344-988-2657
Shelley,Patton,kiaramason@example.org,Production engineer,(968)186-3363
Dan,Woodard,stewartalan@example.net,Psychiatric nurse,001-698-038-8121
Janice,Wood,shauncompton@example.net,Podiatrist,6197030159
Sean,Velazquez,wintersperry@example.com,Leisure centre manager,+1-470-709-4357
Marcia,Berry,alee@example.net,Bookseller,281-101-3518
Melvin,Edwards,hestersheri@example.com,Publishing copy,4143700246
Logan,Beck,fernando58@example.com,Arts development officer,493-378-9322
Don,Melton,aguilaralfred@example.net,Architect,740-835-9000
Alex,Burns,pittsmarissa@example.com,Immunologist,(764)943-4650
Leslie,Richmond,gwendolyn74@example.com,Personal assistant,259-382-4661
Amy,Roman,ashley97@example.net,Immigration officer,(639)194-6306
Alex,Morrison,alyssa29@example.com,Veterinary surgeon,001-839-115-6210
Willie,Ewing,tristansawyer@example.com,"Engineer, materials",398-314-2315
Janet,Mcgrath,rabbott@example.org,Quality manager,977-255-5446
Nina,Mullins,rosscoffey@example.com,Estate agent,(567)762-7250
Kyle,Bruce,langdustin@example.net,Mechanical engineer,9455464754
Chase,Davies,walterbilly@example.net,Public affairs consultant,001-351-459-8965
Virginia,Sparks,chanalyssa@example.com,Recycling officer,852-229-9812
Edward,Mcintosh,tcantrell@example.org,"Conservation officer, nature",9019244242
Norma,Cline,autumn44@example.com,Web designer,2838453308
Perry,Camacho,allentamara@example.net,Cartographer,+1-483-988-6667
David,Cooper,hross@example.net,Trade mark attorney,+1-137-781-8287
Jake,Shannon,abautista@example.com,Clinical embryologist,+1-816-761-2844
Candace,Velasquez,warren03@example.com,Recycling officer,253-358-4480
Kaylee,Skinner,gfrazier@example.org,Tourism officer,8644645062
Breanna,Yu,bvalenzuela@example.org,"Accountant, chartered public finance",(112)291-5113
April,Love,kluna@example.net,Early years teacher,4807677857
Rebecca,Beasley,kristinasantos@example.net,Film/video editor,126-787-7498
Molly,Ashley,susanyu@example.org,"Engineer, drilling",176-413-5965
Wyatt,Bennett,mcneildonald@example.net,"Production designer, theatre/television/film",(660)985-6858
Meagan,Roth,wilkinsalicia@example.org,Musician,(498)760-9791
Marie,Bautista,smithluis@example.org,Diagnostic radiographer,945-623-0355
Rita,Walsh,udonaldson@example.org,Health physicist,4732944522
Kenneth,Middleton,leonard98@example.com,TEFL teacher,+1-042-341-7882
Mallory,Warner,migueljordan@example.net,Clinical molecular geneticist,001-035-079-7971
Jody,Carlson,olivia64@example.net,Art gallery manager,792-307-0981
Theresa,Zavala,gallagheraimee@example.net,Charity fundraiser,511-014-2837
Darlene,Underwood,geoffrey78@example.org,Systems analyst,(944)679-9958
Vickie,Mcgee,sierrapearson@example.com,Chemical engineer,(715)294-1184
Laurie,Wallace,christopher36@example.org,Architectural technologist,(877)569-9497
Fernando,Escobar,alejandro98@example.net,Printmaker,9140509503
Samuel,Glover,conradalvin@example.net,Logistics and distribution manager,(641)222-9987
Heidi,Berger,graycarrie@example.net,Phytotherapist,6263040526
Brittany,Conner,jennaguerra@example.com,Operations geologist,+1-568-518-8771
Shaun,Robertson,collinskyle@example.org,"Social research officer, government",2140198782
Chelsea,Fitzpatrick,sandyandrade@example.com,Trade union research officer,+1-428-757-5523
Alicia,Orr,mindy66@example.org,Probation officer,2473259399
Sophia,Harris,koneal@example.net,Financial planner,5441639643
Kristie,Cameron,achristensen@example.com,Management consultant,233-072-2674
Hayley,Hess,tranpatty@example.org,"Exhibitions officer, museum/gallery",001-206-916-4788
Joanne,Moody,alexandersantiago@example.net,"Designer, industrial/product",4008095210
Rick,Shields,gentryaustin@example.net,Contracting civil engineer,001-578-875-4590
Jo,Harris,kristatorres@example.net,Clinical biochemist,(844)655-1890
Autumn,Avila,harringtonjames@example.net,Operational researcher,(162)296-2950
Eduardo,Maldonado,jbuchanan@example.com,Environmental consultant,125-420-8850
Cathy,Gallagher,lwalker@example.org,Nature conservation officer,654-490-7760
Morgan,Spears,miaward@example.com,Fisheries officer,9860888302
Bianca,Merritt,danawatts@example.com,Architectural technologist,889-865-0121
David,Skinner,stacy04@example.net,Writer,001-582-848-2323
Caitlin,Hoffman,richshari@example.com,Phytotherapist,437-026-0338
Doris,Larsen,ewatts@example.com,Financial controller,(777)833-9536
Mercedes,Potts,virginiarichard@example.com,"Conservation officer, historic buildings",294-609-5119
Craig,Duffy,jeffersonbrittney@example.net,Operations geologist,001-346-209-9798
Theresa,Cantrell,qcraig@example.com,Archivist,001-556-800-7888
Betty,Quinn,cherylhuang@example.org,Applications developer,(261)395-6954
Kristine,Dyer,autumn44@example.org,"Engineer, civil (contracting)",(444)884-1054
Blake,Whitehead,wrush@example.net,Control and instrumentation engineer,3271074311
Monica,Santos,douglasmorrison@example.org,Youth worker,+1-257-215-0699
Leon,Duarte,estradasusan@example.org,Building services engineer,(263)422-6089
Vincent,Schmidt,krausejo@example.net,"Accountant, chartered public finance",001-136-483-5184
Elizabeth,Pearson,lisaflynn@example.org,"Loss adjuster, chartered",0746123720
Johnny,Daugherty,valdezdana@example.org,"Therapist, drama",1322562407
Gabriel,Bird,jeaton@example.com,Health promotion specialist,115-459-8166
Kimberly,Kirby,xcabrera@example.com,Senior tax professional/tax inspector,001-772-704-4112
Kelli,Koch,dherring@example.net,Sub,655-893-0611
Jo,Kidd,sherrybenton@example.org,"Engineer, maintenance (IT)",+1-231-981-7467
Heidi,Avila,willisannette@example.org,Industrial/product designer,5209615749
Franklin,Key,bridget79@example.org,Immunologist,001-685-136-9655
Gina,David,barrleroy@example.org,Television/film/video producer,7232082848
Mike,Baldwin,rchaney@example.org,"Scientist, clinical (histocompatibility and immunogenetics)",(823)052-4385
Catherine,Bryan,prestonmiranda@example.org,Operations geologist,+1-202-518-4274
Blake,Duke,shawn86@example.com,Seismic interpreter,001-620-603-6438
Darren,Lowery,bhaney@example.org,Forensic scientist,7790359292
Perry,Wright,joseph15@example.com,"Geneticist, molecular",724-776-4268
Whitney,Wang,fullerstuart@example.net,Health and safety inspector,272-667-4615
Cassie,Moore,shahphyllis@example.org,Recruitment consultant,724-657-4870
Jodi,Pena,cannondean@example.net,Biomedical scientist,(297)816-7270
Mason,Compton,vmunoz@example.net,Homeopath,001-166-175-2915
Marvin,Steele,lukefuentes@example.com,Ecologist,(914)051-9227
Robyn,Richardson,alishasmith@example.net,"Surveyor, minerals",699-844-6839
Kristen,Brewer,yatesjoy@example.com,Social researcher,2931481645
Lawrence,Gregory,yolanda30@example.com,Make,0969662902
Angelica,Anthony,andre30@example.org,Advertising account executive,(396)368-5082
Leslie,Curry,mike30@example.org,Psychiatrist,(812)017-6908
Garrett,Barber,dwayne48@example.net,Purchasing manager,084-860-0445
Todd,Blackburn,bowengerald@example.com,Farm manager,109-131-3098
Jillian,Valenzuela,robinsontaylor@example.net,Music therapist,(768)336-1702
Grace,Underwood,tiffanymaxwell@example.net,Electronics engineer,229-769-5865
Rebekah,Koch,livingstonrandy@example.com,Television production assistant,754-427-9326
Katie,Gamble,marshallmary@example.com,Television production assistant,3033546235
Paula,Daniels,baileybarron@example.net,Engineering geologist,9035524996
Steve,Peck,nicole39@example.org,Physiotherapist,726-123-5829
Tim,Frey,kiddbryce@example.net,Rural practice surveyor,532-779-2449
Shane,Mcgrath,latoya41@example.org,Audiological scientist,(825)855-7424
Sonya,Flowers,novakleroy@example.com,"Designer, blown glass/stained glass",001-187-987-7783
Fred,Dennis,littlecesar@example.com,Theatre stage manager,8401850249
Terri,Brock,hooperashley@example.net,"Engineer, agricultural",1102858120
Laura,Horton,owensdanny@example.org,"Radiographer, therapeutic",0281801251
Norman,Fritz,bryanalejandra@example.com,"Secretary, company",+1-099-030-9847
Javier,Camacho,shannonthompson@example.com,"Scientist, biomedical",9906067193
Shelley,Barajas,pateldennis@example.org,Licensed conveyancer,(821)711-5848
Gwendolyn,Lane,dberg@example.org,Chief Technology Officer,115-751-4099
Jon,Soto,hrobbins@example.net,"Scientist, research (physical sciences)",(358)587-9630
Kristi,Orr,ashley82@example.org,Quality manager,(830)679-1944
Bethany,Olson,rose29@example.net,Retail banker,6097713760
Ricardo,Washington,wlester@example.com,Computer games developer,710-080-9153
Nancy,Reese,tonya44@example.net,"Surveyor, commercial/residential",001-237-052-1052
Angela,Novak,briana22@example.org,Proofreader,+1-482-625-9392
Leon,Farrell,rosariojean@example.org,"Development worker, community",001-665-191-3219
Cristian,Hansen,jcaldwell@example.net,"Civil engineer, contracting",(378)127-6068
Jasmine,Mcdaniel,rita98@example.net,Cytogeneticist,+1-727-361-0487
Curtis,Saunders,daisy37@example.org,Forest/woodland manager,647-107-8861
Ashlee,Snow,frose@example.com,Technical brewer,001-260-870-9847
Cristina,Berry,cspencer@example.org,International aid/development worker,369-715-4082
Cristina,Arroyo,patrickgriffin@example.org,Actuary,345-586-2372
Michaela,Calhoun,alejandrodiaz@example.net,Toxicologist,001-855-398-7323
Cheryl,May,lesliebuck@example.org,Web designer,+1-112-247-3774
Suzanne,Hernandez,conraddave@example.com,"Solicitor, Scotland",056-180-5303
Joshua,Phillips,uhampton@example.com,"Programmer, applications",179-906-3305
Suzanne,Hendrix,lutztimothy@example.com,Physiological scientist,+1-071-665-5183
Charles,Griffith,jennyjuarez@example.org,Cabin crew,001-003-565-7913
Shari,Glenn,chapmanchristie@example.org,Phytotherapist,5261513548
Noah,Owen,omyers@example.org,Advice worker,(154)196-0300
Mariah,Finley,sergiobishop@example.org,"Conservation officer, nature",(340)028-1312
Angel,Davidson,qrosario@example.net,Licensed conveyancer,001-574-196-2679
Evelyn,Holloway,rortega@example.net,Jewellery designer,001-836-390-5198
Danielle,Sims,shawnahurley@example.com,"Engineer, production",(214)263-5792
Brendan,Ellison,garretttravis@example.org,"Designer, ceramics/pottery",737-135-1185
Malik,Stanley,cannonluke@example.net,Nutritional therapist,212-112-3077
Kathy,Yoder,mia15@example.org,Agricultural consultant,477-481-4501
Madeline,Sellers,darryl11@example.org,"Conservator, museum/gallery",+1-827-196-7629
Cassandra,Adkins,alfred15@example.org,"Therapist, sports",(349)721-1764
Sherry,Holloway,mclark@example.net,Environmental manager,(065)884-2220
Phyllis,Ray,bhowell@example.net,"Embryologist, clinical",(149)141-7305
Dennis,Hampton,dorothy10@example.com,Consulting civil engineer,7241148148
Duane,English,noah95@example.net,Health visitor,+1-062-677-0343
Roger,Hernandez,kellie94@example.com,Drilling engineer,001-444-261-5594
Damon,Colon,alexisvasquez@example.com,"Scientist, research (maths)",+1-383-643-2061
Derrick,Stanton,beasleybenjamin@example.org,"Teacher, secondary school",+1-615-991-7499
Susan,Clark,fgallagher@example.com,Orthoptist,001-406-691-1535
Brittney,Trevino,melendezcharlene@example.org,Illustrator,836-422-9878
Jermaine,Phelps,wanda04@example.net,Ambulance person,(915)292-2254
